Component Description,Quantity per FUNGI-TUBE Unit,Est. $ per Component,Est. $ per FUNGI-TUBE Unit,Reference Link
Capacitive Moisture Sensor v2.0 (EC1691075),1, $ 2.60 , $ 2.60 ,https://www.amazon.com/Analog-Capacitive-Soil-Moisture-Sensor/dp/B09NTTR8M9/ref=sr_1_5?crid=1RBABWJ99OGBL&dib=eyJ2IjoiMSJ9.9IR3ozVRntgCaVDI4vyOcJ1aD_mat8O1wb0cBpHtRipH-11yvbCX2s6hWG_fPezXtyswHa9tGMpDYCXMpt4wa3NBGx_DmDvQ3NH45w-3bG6quVLcowQPc8WF2ZkM0PlqnPQghvNW7KGoJXwRR3T2wpd0xavaTQDtQ1JBiEtyxXqu0LiFSXovGpZTl89X8cw7tI3STaGwo1h4X4CyuR6b_xdgV32zXjPmiu_HblYN5VqAbbWe5N4zgD93ZLYWlTlgHCeefeUpJ1UFmAOVdEHTCbqByyTdLuUKgs-eQOM0IOo.jggJRSRqoNZuORanJ93v1qkTP8J_y4sZcEfBL7Yef7U&dib_tag=se&keywords=capacitance%2Bsoil%2Bmoisture%2Bsensor%2Bv2&qid=1744582475&sprefix=capacitance%2Bsoil%2Bmoisture%2Bsensor%2Bv2%2Caps%2C121&sr=8-5&th=1
ESP32-WROOM-32 38 pin Dev Board,1, $ 6.00 , $ 6.00 ,https://www.amazon.com/dp/B07QCP2451?ref=ppx_yo2ov_dt_b_fed_asin_title&th=1
Adafruit TCA9548A/PCA9548A I2C Multiplexer,1, $ 1.10 , $ 1.10 ,https://www.amazon.com/Aobao-TCA9548A-Multiplexer-Breakout-Expansion/dp/B09KY1YNM9/ref=sr_1_3?crid=17MJ8PGAH9YFE&dib=eyJ2IjoiMSJ9.mfvX7xBYue__S608lwqwTQQb0TalU2kL4Z511X8XTVv7qGmzinrdGNOJl3O_2SwDbpp26AXYMRUGXdVXpL4oOBrc3DfFezVsgPVBoArOoWYKquOq7EE150q6HCf4YVrOXCUWp0FgAUbb8cHDBweEI5ePNwleuMTOLIutI6v8KOYHzSnxb0Wlht8sSwD26_qZ.HxekTx8EQIwcaB5NWYyUjGt7tkxH-nOSOmX_W4TWlT0&dib_tag=se&keywords=PCA9548A&qid=1748174958&s=electronics&sprefix=pca9548a%2Celectronics%2C102&sr=1-3
Copper Foil (Capacitive Sensor Shielding),1, $ 0.10 , $ 0.10 ,https://www.amazon.com/dp/B01MR5DSCM?ref_=ppx_hzsearch_conn_dt_b_fed_asin_title_1
MLX90614 IR Temp Sensor (HiLetgo),1, $ 10.99 , $ 10.99 ,https://www.amazon.com/HiLetgo-MLX90614ESF-Non-contact-Infrared-Temperature/dp/B071VF2RWM/ref=sr_1_1?dib=eyJ2IjoiMSJ9.0XATqGnHc_DRuvefbwXLGJVakaOLNZktYzeqh-9r-p116ZBdlO4IPQ6SamxYsmT43g0-85esR7iUAz_SAGXR-OqUSQm1yClqntV412IC9Zz9TwnO2at-aNMG2HYgDkXrMOj59CmnsN2vVuhazEUqGMc9-WAG1uFjykuOtRUYFRY4L_CFctHtqFIr-i8lS_lDYevyu2bfkpV3WAWBpi313vJAVP75l_cuYOLgvoINbhs.UhEGQ8nDaK1KmdsehP99KF4c37Lbn5ayVuzz2K3hZXg&dib_tag=se&keywords=MLX90614+IR+Temp+Sensor+%28HiLetgo%29&qid=1744583108&sr=8-1
TCS34725 RGB Color Sensor (Teyleten),1, $ 3.33 , $ 3.33 ,https://www.amazon.com/Teyleten-Robot-TCS-34725-TCS34725-Recognition/dp/B087Z3K6P5/ref=sr_1_1_sspa?crid=1K0B5IYU5562S&dib=eyJ2IjoiMSJ9.cBQ7gOr8kGYFvKDKJ5EUwpzFV6lelEV7flgLD-M7_TPERDR2obOe11YR4Mb4yvE3whee2myz_SluvKrDv7J_U0fSB5wQ6qP_Kj29YWe5asaiW6-sw62VXnPHbdhr61T0t9b83zbK9w6dCMR9KYzGw1Zq2qka5xi0Y3Ur5t16IXWdsv9d4pDnliD_hYS6zTgbAtbxl3yS8s5c1OrHrrIrJSs7KZFwxSq06Regy2EVIlM.tOaR0f2cRkySEB6WCZ2Bx5bnsOHx9NMTDD9XU0fyVJ0&dib_tag=se&keywords=TCS34725+RGB+Color+Sensor+%28Teyleten%29&qid=1744583135&sprefix=tcs34725+rgb+color+sensor+teyleten+%2Caps%2C125&sr=8-1-spons&sp_csd=d2lkZ2V0TmFtZT1zcF9hdGY&psc=1
"Logic Level Converter (TXS0108E, HiLetgo)",1, $ 0.75 , $ 0.75 ,https://www.amazon.com/HiLetgo-Channels-Converter-Bi-Directional-3-3V-5V/dp/B07F7W91LC/ref=sr_1_2?crid=2AE2CLQY65JM7&dib=eyJ2IjoiMSJ9.iTEhS0wypHYdS2PYEkfykIN0R1T3OP-xmV8DT1-WjATlgbM57Zl5UZIAb9XAPU4YCJhVI26I9_Q-eLaqkyW8JPH0VvJoFfuP15xTDSGxQHPP33GpiAWPB61CmB_SrlIhV11c0Iecd8mq0VvsGShJAYZyMpcmw2fw0G7Gwsp942lbE315RgRGNATd-Lw0j76E57ClHVAUQcbJuO28z4sri8LttJzR9WBtn_wPQ9phzN4.Ry_H_Cl4X_Zs1McQqedgpZ2fdNgRszBiBhFFZ38Hh9Y&dib_tag=se&keywords=Logic+Level+Converter+%28TXS0108E%2C+HiLetgo%29&qid=1744583204&sprefix=logic+level+converter+txs0108e%2C+hiletgo+%2Caps%2C105&sr=8-2
Resistor - 4.7kΩ 0.1W SMD chip resistor 0603mil (I2C Pull-up),2, $ 0.06 , $ 0.12 ,https://www.amazon.com/dp/B08QS36KCT?ref=ppx_yo2ov_dt_b_fed_asin_title&th=1
5mm Through-Hole LED,1, $ 0.02 , $ 0.02 ,https://www.amazon.com/Transparent-Intensity-Lighting-Electronics-Components/dp/B01AUI4VQU/ref=sr_1_2?crid=1OJN63EYKGLX2&dib=eyJ2IjoiMSJ9.YKmyMP8R8eTkAj3oI68c4OSmuXfEiZZDcMDY_JrlasF6HEKNXmnf7nKMIrO8LLWGdywKahiee_7RQTwaSWdUzw_PEhEKSoqwdcCowMFkrEzfVNMXlIUiLR7f2hsX2ILzPPBE6YTQVqelFWMiYvLACaIawl3wx2XKEpfLd3jYPpsj5ILxViev5rx-1oi7DGc9a7ikrWB97_LhR-JC7X3L3vOd3T-R2yoBYRd0fveb206Qd-BeQ75EWT3YqsAxDGvQhtvjNl_iM2mtk350JKOzCiWoMhjsUGYW9w7tKRND7I0.kJhYgkw5bqpbNcbGovYR6VMcIG_A2Y8nKjEFisLlr1M&dib_tag=se&keywords=5mm%2Bthrough%2Bhole%2Bled&qid=1748174728&s=industrial&sprefix=5mm%2Bthrough%2Bhole%2Ble%2Cindustrial%2C104&sr=1-2&th=1
ADS1115 Analogue-Digital Converter (HiLetgo),1, $ 4.00 , $ 4.00 ,https://www.amazon.com/dp/B07VPFLSMX?ref=ppx_yo2ov_dt_b_fed_asin_title
Resistor (220Ω 0.25W),1, $ 0.05 , $ 0.05 ,https://www.adafruit.com/product/2784
MicroSD Card Module (Adafruit ADA254),1, $ 7.50 , $ 7.50 ,https://www.adafruit.com/product/254
SHT31 RH Sensor,1, $ 4.29 , $ 4.29 ,https://www.amazon.com/HiLetgo-Temperature-Humidity-Interface-GY-SHT31-D/dp/B07ZSZW92J/ref=sr_1_1_sspa?crid=3M8ZCU5HHZNFG&dib=eyJ2IjoiMSJ9.SNLWRLs4edCXFUdgheCze3bq9Dv0zUWVlvS3-X4yIJmnnvYof23Aln8rOKFryBJhMRskYoLbQzWhOiWjwzi4z1WklJcO1N8R0GVSy-ThnQoO_4vccSNZQJclLQMHX4N1JKQzyvkFCXQcqbAb7gfTnHUQaGMI5lhHeoo9lep88MEUxSDdwn1p93v4khKkmv062n6tTCoP3MCEzfVH9ChNaF7IxdvPPJOf55PmOJMnXTdeBwzj7v7dxFpXCSOy4cJ6hyyPVuvWBY7Fa0cCV8Iy_vUeLaHujshJ6N6Fc2VYXnI.v-N65hSlzkN-je9c0r2ZDEf-qmcuASyDVwCDjfnK-AA&dib_tag=se&keywords=SHT31&qid=1744582975&s=hi&sprefix=sht31%2Ctools%2C135&sr=1-1-spons&sp_csd=d2lkZ2V0TmFtZT1zcF9hdGY&psc=1
SGP40 VOC Sensor (Waveshare),1, $ 14.99 , $ 14.99 ,https://www.waveshare.com/sgp40-voc-sensor.htm
SCD41 CO2 Sensor,1, $ 28.99 , $ 28.99 ,https://www.amazon.com/dp/B0CDWXWCS5?ref=ppx_yo2ov_dt_b_fed_asin_title
Barrel Jack (Sparkfun 5.5mm PRT-00119 or analogous),1, $ 0.22 , $ 0.22 ,https://www.amazon.com/dp/B07D4BK8W4?ref=ppx_yo2ov_dt_b_fed_asin_title
10uF Ceramic Capacitor,2, $ 0.03 , $ 0.06 ,https://www.amazon.com/BOJACK-Capacitor-Multilayer-Monolithic-Assortment/dp/B085RDTCCV/ref=sr_1_1_sspa?crid=32TH5WPKE9CG5&dib=eyJ2IjoiMSJ9.FIUNXjtAJpA8JyNjEH5Plphi-ZlImX4sH_7fFAE_9Jael89ORSUItCdFFfKnKHvF01pSmQV-tufJnaU-w8GYfKeQGNFYY3yVJFBocWVwN8Jdk29xxX9SJ2G60pYx-p6nZJFc2z9uuoLLCLrJWrLf8c0vmGMJdL6N7QQpAgQlshPCZijRML_eRQgID-KlkVckmXEJLqDfH2Pi_V_ojkAax3B2AXbsvcxeqGgs-sTwLNg.873ULNF2CNyfQ0AftM3eLwNY_XIN_gpxI_zuNSDdNb8&dib_tag=se&keywords=0.1uF%2Bceramic%2Bcapacitor&qid=1748175530&sprefix=0.1uf%2Bceramic%2Bcapacito%2Caps%2C115&sr=8-1-spons&sp_csd=d2lkZ2V0TmFtZT1zcF9hdGY&th=1
0.1uF Ceramic Capacitor,2, $ 0.03 , $ 0.06 ,https://www.amazon.com/BOJACK-Capacitor-Multilayer-Monolithic-Assortment/dp/B085RDTCCV/ref=sr_1_1_sspa?crid=32TH5WPKE9CG5&dib=eyJ2IjoiMSJ9.FIUNXjtAJpA8JyNjEH5Plphi-ZlImX4sH_7fFAE_9Jael89ORSUItCdFFfKnKHvF01pSmQV-tufJnaU-w8GYfKeQGNFYY3yVJFBocWVwN8Jdk29xxX9SJ2G60pYx-p6nZJFc2z9uuoLLCLrJWrLf8c0vmGMJdL6N7QQpAgQlshPCZijRML_eRQgID-KlkVckmXEJLqDfH2Pi_V_ojkAax3B2AXbsvcxeqGgs-sTwLNg.873ULNF2CNyfQ0AftM3eLwNY_XIN_gpxI_zuNSDdNb8&dib_tag=se&keywords=0.1uF%2Bceramic%2Bcapacitor&qid=1748175530&sprefix=0.1uf%2Bceramic%2Bcapacito%2Caps%2C115&sr=8-1-spons&sp_csd=d2lkZ2V0TmFtZT1zcF9hdGY&th=1
DS3231 AT24C32 RTC Module,1, $ 2.60 , $ 2.60 ,https://www.amazon.com/dp/B00LX3V7F0?ref=ppx_yo2ov_dt_b_fed_asin_title
Generic male headers,7, $ 0.05 , $ 0.35 ,https://www.amazon.com/Jabinco-Breakable-Header-Connector-Arduino/dp/B0817JG3XN/ref=sr_1_3?crid=WSF7EW9FCEYV&dib=eyJ2IjoiMSJ9.F6JUkZTU-stCHqmq-iAIuOz5NZg0WzTJGM-7qnlOc17a7cNvovafeJiiR5uMZEmiuveQ4sITS_SeZMHkIucGNrCAIdhtAJ2QhUOTaD5k5RBuAAdPxXsQXzVP7sJDc70u4FydSxC1dBVJGwc6pI059Ur4q49_oaUprr2gGiBlU68uVIJHZgIsJE4Obe7Ix9RWZFIVu-D6U80fq-Z1kGhZa62zk-3X7x1rf0dBYATFTu4.OPIdE66UBOHCqLEQKDy3q0gAx3dQqJqPxQkjVDQMdew&dib_tag=se&keywords=male+pcb+headers&qid=1748174590&sprefix=male+pcb+headers%2Caps%2C131&sr=8-3
Generic female headers,7, $ 0.05 , $ 0.35 ,https://www.amazon.com/Ferwooh-Single-Straight-Connector-Spacing/dp/B0CZ6X313F/ref=sr_1_5?crid=319NIELD1PQOZ&dib=eyJ2IjoiMSJ9.Etit1cE8UtTdjEvLSb3xGs5hXbvj-dbCcWRFnTrQLqwpNkBJwSksvVsW9PnLBOXVjxxY0LdLTeAgT36ethBoLAFuOXlWt89p_cC1x3JIoJRggtcRMPcG7mWSy_FNbwXz3WNlBi5yCXJF6V1VUOWVEOL2jiwn5kVn6koHN8nbh-2XYbZwyK0xtfH8TzlzV2HYLFFzEVIRB102qdcOJPNbj5Wr59F5ZxzmZhIFC8tYfxc.l_lzh8dHARz2hPHD33plY2Jt1imKyM-OZj-Yg90fbOA&dib_tag=se&keywords=female+pcb+headers&qid=1748174622&sprefix=female+pcb+headers%2Caps%2C91&sr=8-5
USB Rev 2.0 Compliant 28/28AWG Shielded Cable,1, $ 1.50 , $ 1.50 ,https://www.l-com.com/usb-usb-rev-20-compliant-28-28awg-bulk-cable-100-ft-spool
Shield PCB,1, $ 4.50 , $ 4.50 ,pcbway.com
Black PLA filament,1, $ 1.50 , $ 1.50 ,https://www.amazon.com/OVERTURE-Filament-Consumables-Dimensional-Accuracy/dp/B07PGY2JP1/ref=sr_1_1_sspa?dib=eyJ2IjoiMSJ9.je6z6pUe0IdeGUjtxatcGeYSf-hperqGZ9JpHyfc1_PyU9aYjKA1lLC3UebpA_yBF_XxYm_t4uffAiQOTH9v-KkCZxQaE5UAUOUJIxd1aGsxO3P6cl9oGTqHRqeFbMmMSfA4kHiAP8U6hHypR2jusKID1Us4lCQVpL0xzUK9jaswlgjieOMrUS6WqBI-CbeyINb_ymjeLX9sACiGl6jQT4dyD9X-HJLeK-fEiLxOa0I.oEeePVQM8uf9-ZBrtq5Hj3RKBrbfYgqLQVdhaRQLNt4&dib_tag=se&keywords=black+pla+filament&qid=1748173707&sr=8-1-spons&sp_csd=d2lkZ2V0TmFtZT1zcF9hdGY&psc=1
Natural PLA filament,1, $ 0.50 , $ 0.50 ,https://www.amazon.com/dp/B0CRGHZW76?ref=ppx_yo2ov_dt_b_fed_asin_title&th=1
Translucent PLA filament,1, $ 0.50 , $ 0.50 ,https://www.amazon.com/ELEGOO-Filament-Translucent-Dimensional-Accuracy/dp/B0DM1WT26K/ref=sr_1_2_sspa?crid=1DKHOUMCRYGH8&dib=eyJ2IjoiMSJ9.r1DOn3i3yPNqv6tpHiZVThR1rBUn4OK8spjMRr-bW_9NbPxwofufmmgBxGIzwW3qZLiNknOfjXuD2ZI77bJznZdQ6vyD7L-0DKBDloDbg5v7nQffi_QJOVBDp_rKvtKFPToYQGqFqOg8U6-AKiw5qqZIQlAVjqfpgzjgGGNLj0CXLMhMrxkC9ZGFBCsEX66dpuZStqe5DQiICjhtVTWvuicmDFKZW5YSeDgwihV7Yjg.Oiv3bKQDT-UrAC-1WIUeqmqXpXR14AdMO6hjteRiqaI&dib_tag=se&keywords=transparent%2Bpla%2Bfilament&qid=1748173590&sprefix=transparent%2Bpla%2Bfilament%2Caps%2C134&sr=8-2-spons&sp_csd=d2lkZ2V0TmFtZT1zcF9hdGY&th=1
"Power Supply (DC 5v 2A, 5.5x2.1mm center positive barrel jack)",1, $ 3.80 , $ 3.80 ,https://www.amazon.com/dp/B09W96X88K?ref=ppx_yo2ov_dt_b_fed_asin_title
Female to male 5.5x2.1mm center positive barrel jack splitter,1, $ 3.50 , $ 3.50 ,https://www.amazon.com/Splitter-Surveillance-Adapter-Y-Cable-Security/dp/B082Y1PQ6C/ref=sr_1_2?crid=38NORIKGGF9XW&dib=eyJ2IjoiMSJ9.6EFIbYi13krLCunXOfKTMmG5XCr_YMmU5jUaAksHEXjDPFuK74SJmq9p94lJSeG2iGEw6-eBHCGl10gKcfcp-CaB3n6j5IHyB5eGbh1pHsXHd6ZjTOjvaGPuvExsyo9bgf_6wSqML1u8qINo9CV1-SNHJDXaOPbYShhWnmLGo-BaEvYacUfN443piputNNZjgJPhMmy_LmbtJ8VKEuSNLXO_t-_oshA3udttpbGJuOC1ssinHPGX2b1pubw8vhi4c-JPjMXhvtfnFHjKhpJZglJYduoBtRpXYbP0u4oO0mM.66OA1XaaOwtpZ0jSO4d2JWBG2cgNgdBh3Dezc2IEo4I&dib_tag=se&keywords=barrel+jack+splitter&qid=1748174469&s=electronics&sprefix=barrel+jack+splitte%2Celectronics%2C114&sr=1-2
M2 set screw,2, $ 0.02 , $ 0.04 ,
M3 button head machine screw,12, $ 0.02 , $ 0.24 ,
M2 button head machine screw,2, $ 0.02 , $ 0.04 ,
4-pin JST connectors,5, $ 0.43 , $ 2.15 ,https://www.amazon.com/Sets-2-5-4-Connector-200mm-Female/dp/B01DUC1S14/ref=sr_1_1_sspa?crid=2HHG74M141TWS&dib=eyJ2IjoiMSJ9.qnkCp1ktkMd_GPHXnSSrLmC6OjNdRXSHfKkhfA06cvH2-aFcX1f3N0vunnkmY8a_z-l3ZdvisYiR7f1RFWcv6AZWdupdJEhJSfYWzMcs0ZXn0W28Py5yRbLsNhSmMPntT4DXeDzx35ug-52bPG2FzuolFrlNwSxGEd1VSvtzfrQhO0H4WKg0C3pKJffpI2mCDFfGhgqBoCDmzP7eOv8zE070ULy58f7xt1WemZF0pEs.2HDx4eZ7tUys5ZgRwOPq7iviIcxKRV9wXZ7PVhHjnxc&dib_tag=se&keywords=4+pin+jst+connector&qid=1748644840&sprefix=4+pin+jst+connector%2Caps%2C119&sr=8-1-spons&sp_csd=d2lkZ2V0TmFtZT1zcF9hdGY&psc=1
8-pin jumper wire ribbon with female connector,1, $ 1.85 , $ 1.85 ,https://www.amazon.com/dp/B0CW9FN5RL?ref=ppx_yo2ov_dt_b_fed_asin_title
Total,,, $ 108.59 ,